{
  "overall_stats": {
    "avg_improvement": 0.6678790320984996,
    "best_method": "graph_aware_adaptive",
    "total_benchmarks": 11
  },
  "method_stats": {
    "graph_aware_adaptive": {
      "avg_overhead_reduction": 0.6678790320984996,
      "std_overhead_reduction": 0.1100424120525192,
      "avg_packing_efficiency": 0.7925664247167241,
      "avg_execution_time": 18.79329577265128,
      "wins": 9,
      "sample_size": 11
    },
    "spatial_locality_fixed": {
      "avg_overhead_reduction": 0.5709925458373519,
      "std_overhead_reduction": 0.09431660423622461,
      "avg_packing_efficiency": 0.700787812962633,
      "avg_execution_time": 18.79329577265128,
      "wins": 1,
      "sample_size": 11
    },
    "community_aware_fixed": {
      "avg_overhead_reduction": 0.5987291190265158,
      "std_overhead_reduction": 0.08568212262023199,
      "avg_packing_efficiency": 0.6669169067435834,
      "avg_execution_time": 18.79329577265128,
      "wins": 1,
      "sample_size": 11
    },
    "naive_baseline": {
      "avg_overhead_reduction": 0.09698000473427837,
      "std_overhead_reduction": 0.004584578600563245,
      "avg_packing_efficiency": 0.4961440702254755,
      "avg_execution_time": 18.79329577265128,
      "wins": 0,
      "sample_size": 11
    }
  },
  "strategy_stats": {
    "community_aware": {
      "avg_reduction": 0.7962150630568319,
      "usage_count": 2,
      "usage_percentage": 18.181818181818183
    },
    "spatial_locality": {
      "avg_reduction": 0.657179833708962,
      "usage_count": 4,
      "usage_percentage": 36.36363636363637
    },
    "adaptive": {
      "avg_reduction": 0.6251039784267969,
      "usage_count": 5,
      "usage_percentage": 45.45454545454545
    }
  },
  "benchmark_coverage": {
    "graph_types": 11,
    "size_range": "200-10000 nodes",
    "feature_dimensions": [
      64,
      128,
      256,
      512
    ]
  }
}